judul,cleaned_judul
Improved baselines with visual instruction tuning,improved baseline visual instruction tuning
Scaling instruction-finetuned language models,scaling instructionfinetuned language model
Accurate structure prediction of biomolecular interactions with AlphaFold 3,accurate structure prediction biomolecular interaction alphafold
A survey on evaluation of large language models,survey evaluation large language model
Non-cooperative games,noncooperative game
"Methods of mathematical physics, volume 2",method mathematical physic volume
"The Fourth Industrial Revolution: what it means, how to respond1",fourth industrial revolution mean respond
Nonlinear oscillations,nonlinear oscillation
The society of the spectacle,society spectacle
Wireless communications: principles and practice,wireless communication principle practice
The gift: The form and reason for exchange in archaic societies,gift form reason exchange archaic society
Art as experience,art experience
Balanis' Advanced Engineering Electromagnetics,balanis advanced engineering electromagnetics
Geotechnical earthquake engineering,geotechnical earthquake engineering
The pure theory of public expenditure,pure theory public expenditure
"Capital: Critique of Political Economy, Volume 1",capital critique political economy volume
A Discourse,discourse
Health measurement scales: a practical guide to their development and use,health measurement scale practical guide development use
Powers of horror: An essay on abjection,power horror essay abjection
Models of teaching,model teaching
Navier–Stokes equations: theory and numerical analysis,navier–stokes equation theory numerical analysis
Ideology and ideological state apparatuses: Notes towards an investigation,ideology ideological state apparatus note towards investigation
Cognitive therapy of depression,cognitive therapy depression
Social capital: Its origins and applications in modern sociology,social capital origin application modern sociology
Friction: An ethnography of global connection,friction ethnography global connection
Thematic analysis,thematic analysis
Multivariate analysis,multivariate analysis
Denial of death,denial death
"Epistemology of the closet, Updated with a new preface",epistemology closet updated new preface
Democracy and education,democracy education
Stability in Competition1,stability competition
Statistical inference,statistical inference
Discovering statistics using IBM SPSS statistics,discovering statistic using ibm spss statistic
"Educational research: Quantitative, qualitative, and mixed approaches",educational research quantitative qualitative mixed approach
"Qualitative research methods: Collecting evidence, crafting analysis, communicating impact",qualitative research method collecting evidence crafting analysis communicating impact
Formal concept analysis: mathematical foundations,formal concept analysis mathematical foundation
Perturbation methods,perturbation method
Minimal information for studies of extracellular vesicles (MISEV2023): From basic to advanced approaches,minimal information study extracellular vesicle misev basic advanced approach
A treatise on money: the pure theory of money,treatise money pure theory money
Existence of an equilibrium for a competitive economy,existence equilibrium competitive economy
Chatting and cheating: Ensuring academic integrity in the era of ChatGPT,chatting cheating ensuring academic integrity era chatgpt
Metaphysics of morals,metaphysics moral
Theses on feuerbach,thesis feuerbach
Analysis and design of analog integrated circuits,analysis design analog integrated circuit
Segment anything in medical images,segment anything medical image
Ionization in the field of a strong electromagnetic wave,ionization field strong electromagnetic wave
Revolution in poetic language,revolution poetic language
Grounding dino: Marrying dino with grounded pre-training for open-set object detection,grounding dino marrying dino grounded pretraining openset object detection
Radiative processes in astrophysics,radiative process astrophysics
"A phase 3, randomized, controlled trial of resmetirom in NASH with liver fibrosis",phase randomized controlled trial resmetirom nash liver fibrosis
Foundations of machine learning,foundation machine learning
Yolov9: Learning what you want to learn using programmable gradient information,yolov learning want learn using programmable gradient information
Biochemistry (-2024),biochemistry
Lost in the middle: How language models use long contexts,lost middle language model use long context
Detrs beat yolos on real-time object detection,detrs beat yolos realtime object detection
Dependency and development in Latin America,dependency development latin america
Numerical methods for least squares problems,numerical method least square problem
How to conduct surveys: A step-by-step guide,conduct survey stepbystep guide
Fluid mechanics,fluid mechanic
Global cancer statistics 2022: GLOBOCAN estimates of incidence and mortality worldwide for 36 cancers in 185 countries,global cancer statistic globocan estimate incidence mortality worldwide cancer country
Identifying and mitigating vulnerabilities in llm-integrated applications,identifying mitigating vulnerability llmintegrated application
Poetics of relation,poetics relation
"Black holes, white dwarfs and neutron stars: the physics of compact objects",black hole white dwarf neutron star physic compact object
Living a feminist life,living feminist life
Qualitative psychology: A practical guide to research methods,qualitative psychology practical guide research method
Reuters Institute digital news report 2024,reuters institute digital news report
Shamanism: Archaic techniques of ecstasy,shamanism archaic technique ecstasy
Introduction to documentary,introduction documentary
Teachers as intellectuals: Toward a critical pedagogy of learning,teacher intellectual toward critical pedagogy learning
Southern Politics in State and Nation: with an Introduction by Alexander Heard,southern politics state nation introduction alexander heard
Analyzing social networks,analyzing social network
The Utility Analysis of Choices Involving Risk1,utility analysis choice involving risk
2023 ESC guidelines for the management of acute coronary syndromes: developed by the task force on the management of acute coronary syndromes of the …,esc guideline management acute coronary syndrome developed task force management acute coronary syndrome …
"Dictionary learning for integrative, multimodal and scalable single-cell analysis",dictionary learning integrative multimodal scalable singlecell analysis
The eyes of the skin: Architecture and the senses,eye skin architecture sens
A Survey of Multimodel Large Language Models,survey multimodel large language model
Interactive Tree of Life (iTOL) v6: recent updates to the phylogenetic tree display and annotation tool,interactive tree life itol v recent update phylogenetic tree display annotation tool
Depth anything: Unleashing the power of large-scale unlabeled data,depth anything unleashing power largescale unlabeled data
2023 ACC/AHA/ACCP/HRS guideline for the diagnosis and management of atrial fibrillation: a report of the American College of Cardiology/American Heart …,accahaaccphrs guideline diagnosis management atrial fibrillation report american college cardiologyamerican heart …
The llama 3 herd of models,llama herd model
Mixtral of experts,mixtral expert
Microstrip lines and slotlines,microstrip line slotlines
Elements of the Philosophy of Right,element philosophy right
Logical quantum processor based on reconfigurable atom arrays,logical quantum processor based reconfigurable atom array
The theatre and its double,theatre double
Quality function deployment: integrating customer requirements into product design,quality function deployment integrating customer requirement product design
"All one needs to know about metaverse: A complete survey on technological singularity, virtual ecosystem, and research agenda",one need know metaverse complete survey technological singularity virtual ecosystem research agenda
Benchmarking: the search for industry best practices that lead to superior performance,benchmarking search industry best practice lead superior performance
Mmmu: A massive multi-discipline multimodal understanding and reasoning benchmark for expert agi,mmmu massive multidiscipline multimodal understanding reasoning benchmark expert agi
Differential geometry and symmetric spaces,differential geometry symmetric space
"Biochar for environmental management: science, technology and implementation",biochar environmental management science technology implementation
Explaining creativity: The science of human innovation,explaining creativity science human innovation
Modern social politics in Britain and Sweden: From relief to income maintenance,modern social politics britain sweden relief income maintenance
Cognition and categorization,cognition categorization
Microplastics and nanoplastics in atheromas and cardiovascular events,microplastics nanoplastics atheroma cardiovascular event
AlphaFold Protein Structure Database in 2024: providing structure coverage for over 214 million protein sequences,alphafold protein structure database providing structure coverage million protein sequence
T2i-adapter: Learning adapters to dig out more controllable ability for text-to-image diffusion models,tiadapter learning adapter dig controllable ability texttoimage diffusion model
Roformer: Enhanced transformer with rotary position embedding,roformer enhanced transformer rotary position embedding
A survey on large language model based autonomous agents,survey large language model based autonomous agent
"Reporting reliability, convergent and discriminant validity with structural equation modeling: A review and best-practice recommendations",reporting reliability convergent discriminant validity structural equation modeling review bestpractice recommendation
Mmbench: Is your multi-modal model an all-around player?,mmbench multimodal model allaround player
Bevformer: learning bird's-eye-view representation from lidar-camera via spatiotemporal transformers,bevformer learning birdseyeview representation lidarcamera via spatiotemporal transformer
Effects of semaglutide on chronic kidney disease in patients with type 2 diabetes,effect semaglutide chronic kidney disease patient type diabetes
2024 heart disease and stroke statistics: a report of US and global data from the American Heart Association,heart disease stroke statistic report u global data american heart association
"Cancer statistics, 2024",cancer statistic
Awq: Activation-aware weight quantization for on-device llm compression and acceleration,awq activationaware weight quantization ondevice llm compression acceleration
Discourse analysis,discourse analysis
Maps of narrative practice,map narrative practice
"Speculative Everything, With a new preface by the authors: Design, Fiction, and Social Dreaming",speculative everything new preface author design fiction social dreaming
Understanding motivation and emotion,understanding motivation emotion
Epidemiology: an introduction,epidemiology introduction
Beyond the nation-state: Functionalism and international organization,beyond nationstate functionalism international organization
Velocity of the escaped savings and financial liquidity on maximum mixed savings,velocity escaped saving financial liquidity maximum mixed saving
Primate adaptation and evolution,primate adaptation evolution
Data analysis methods in physical oceanography,data analysis method physical oceanography
"Human, all too human: A book for free spirits",human human book free spirit
The Fire Next Time; Nobody Knows My Name; No Name in the Street; The Devil Finds Work: Introduction by Eddie S. Glaude Jr.,fire next time nobody know name name street devil find work introduction eddie glaude jr
Patient-centered medicine: transforming the clinical method,patientcentered medicine transforming clinical method
Graph of thoughts: Solving elaborate problems with large language models,graph thought solving elaborate problem large language model
Advanced fitness assessment and exercise prescription,advanced fitness assessment exercise prescription
Enfortumab vedotin and pembrolizumab in untreated advanced urothelial cancer,enfortumab vedotin pembrolizumab untreated advanced urothelial cancer
Theories of surplus value,theory surplus value
"A genomic mutational constraint map using variation in 76,156 human genomes",genomic mutational constraint map using variation human genome
Tools of the mind: The Vygotskian approach to early childhood education,tool mind vygotskian approach early childhood education
"A comprehensive survey of continual learning: Theory, method and application",comprehensive survey continual learning theory method application
Black sun: Depression and melancholia,black sun depression melancholia
A note on the pure theory of consumer's behaviour,note pure theory consumer behaviour
Another puzzle: The growth in actively managed mutual funds,another puzzle growth actively managed mutual fund
Unifying large language models and knowledge graphs: A roadmap,unifying large language model knowledge graph roadmap
"Natural resource scarcity, fossil fuel energy consumption, and total greenhouse gas emissions in top emitting countries",natural resource scarcity fossil fuel energy consumption total greenhouse gas emission top emitting country
Semaglutide in patients with obesity-related heart failure and type 2 diabetes,semaglutide patient obesityrelated heart failure type diabetes
"A survey on large language model (llm) security and privacy: The good, the bad, and the ugly",survey large language model llm security privacy good bad ugly
Scaling rectified flow transformers for high-resolution image synthesis,scaling rectified flow transformer highresolution image synthesis
"Common method bias: It's bad, it's complex, it's widespread, and it's not easy to fix",common method bias bad complex widespread easy fix
Solving olympiad geometry without human demonstrations,solving olympiad geometry without human demonstration
4d gaussian splatting for real-time dynamic scene rendering,gaussian splatting realtime dynamic scene rendering
How to win friends and influence people,win friend influence people
Alectinib in Resected ALK-Positive Non–Small-Cell Lung Cancer,alectinib resected alkpositive non–smallcell lung cancer
CD19 CAR T-cell therapy in autoimmune disease—a case series with follow-up,cd car tcell therapy autoimmune disease—a case series followup
"The elegant universe: Superstrings, hidden dimensions, and the quest for the ultimate theory",elegant universe superstring hidden dimension quest ultimate theory
An occupational perspective of health,occupational perspective health
Sharegpt4v: Improving large multi-modal models with better captions,sharegptv improving large multimodal model better caption
A SWOT analysis of ChatGPT: Implications for educational practice and research,swot analysis chatgpt implication educational practice research
Harnessing the power of llms in practice: A survey on chatgpt and beyond,harnessing power llm practice survey chatgpt beyond
"The great escape: health, wealth, and the origins of inequality",great escape health wealth origin inequality
2. Diagnosis and Classification of Diabetes: Standards of Care in Diabetes—2024,diagnosis classification diabetes standard care diabetes—
Fast and accurate protein structure search with Foldseek,fast accurate protein structure search foldseek
DrugBank 6.0: the DrugBank knowledgebase for 2024,drugbank drugbank knowledgebase
Occupational sources of stress: A review of the literature relating to coronary heart disease and mental ill health,occupational source stress review literature relating coronary heart disease mental ill health
The interplay between microbial communities and soil properties,interplay microbial community soil property
How to Read a Paper: the Basics of Evidence-Based Healthcare,read paper basic evidencebased healthcare
The anatomy of market failure,anatomy market failure
Towards a general-purpose foundation model for computational pathology,towards generalpurpose foundation model computational pathology
mplug-owl2: Revolutionizing multi-modal large language model with modality collaboration,mplugowl revolutionizing multimodal large language model modality collaboration
The principles of political economy,principle political economy
"Cancer incidence and mortality in China, 2022",cancer incidence mortality china
Mathematical discoveries from program search with large language models,mathematical discovery program search large language model
Construction of 2D S‐scheme heterojunction photocatalyst,construction s‐scheme heterojunction photocatalyst
Antennas and propagation for wireless communication systems,antenna propagation wireless communication system
Animate anyone: Consistent and controllable image-to-video synthesis for character animation,animate anyone consistent controllable imagetovideo synthesis character animation
Heterostructured BN@ Co‐C@ C endowing polyester composites excellent thermal conductivity and microwave absorption at C band,heterostructured bn co‐c c endowing polyester composite excellent thermal conductivity microwave absorption c band
Global incidence and mortality of severe fungal disease,global incidence mortality severe fungal disease
Introduction to educational research,introduction educational research
Hollow land: Israel's architecture of occupation,hollow land israel architecture occupation
"Navigating the confluence of artificial intelligence and education for sustainable development in the era of industry 4.0: Challenges, opportunities, and ethical …",navigating confluence artificial intelligence education sustainable development era industry challenge opportunity ethical …
Incompressible flow,incompressible flow
Chatgpt: The end of online exam integrity?,chatgpt end online exam integrity
The economics of health and health care,economics health health care
The EMBL-EBI Job Dispatcher sequence analysis tools framework in 2024,emblebi job dispatcher sequence analysis tool framework
Issues and ethics in the helping professions,issue ethic helping profession
"GPT understands, too",gpt understands
The world of organic agriculture. Statistics and emerging trends 2024,world organic agriculture statistic emerging trend
Photons and atoms: introduction to quantum electrodynamics,photon atom introduction quantum electrodynamics
Generative ai,generative ai
Petrophysics: theory and practice of measuring reservoir rock and fluid transport properties,petrophysics theory practice measuring reservoir rock fluid transport property
The renewable energy role in the global energy Transformations,renewable energy role global energy transformation
Large language models for software engineering: A systematic literature review,large language model software engineering systematic literature review
scGPT: toward building a foundation model for single-cell multi-omics using generative AI,scgpt toward building foundation model singlecell multiomics using generative ai
"Culture, the media and the 'ideological effect'",culture medium ideological effect
Towards generalist biomedical AI,towards generalist biomedical ai
Interpreting black-box models: a review on explainable artificial intelligence,interpreting blackbox model review explainable artificial intelligence
Microaxial flow pump or standard care in infarct-related cardiogenic shock,microaxial flow pump standard care infarctrelated cardiogenic shock
Fault tree handbook,fault tree handbook
The arrangement between the sexes,arrangement sex
Progress and poverty,progress poverty
The strategy and tactics of pricing,strategy tactic pricing
Revisiting event-study designs: robust and efficient estimation,revisiting eventstudy design robust efficient estimation
The Laws of Returns Under Competitive Conditions1,law return competitive condition
Gemini 1.5: Unlocking multimodal understanding across millions of tokens of context,gemini unlocking multimodal understanding across million token context
Generalized biomolecular modeling and design with RoseTTAFold All-Atom,generalized biomolecular modeling design rosettafold allatom
Improved charge extraction in inverted perovskite solar cells with dual-site-binding ligands,improved charge extraction inverted perovskite solar cell dualsitebinding ligand
Wonder3d: Single image to 3d using cross-domain diffusion,wonderd single image using crossdomain diffusion
Explainability for large language models: A survey,explainability large language model survey
Generalized out-of-distribution detection: A survey,generalized outofdistribution detection survey
The symbolic challenge of contemporary movements,symbolic challenge contemporary movement
Introduction to research-e-book: Understanding and applying multiple strategies,introduction researchebook understanding applying multiple strategy
Action research: Improving schools and empowering educators,action research improving school empowering educator
Mvbench: A comprehensive multi-modal video understanding benchmark,mvbench comprehensive multimodal video understanding benchmark
SpectralGPT: Spectral remote sensing foundation model,spectralgpt spectral remote sensing foundation model
Clip-adapter: Better vision-language models with feature adapters,clipadapter better visionlanguage model feature adapter
"Work in the 21st Century, with EEPUB Access: An Introduction to Industrial and Organizational Psychology",work st century eepub access introduction industrial organizational psychology
"MetaboAnalyst 6.0: towards a unified platform for metabolomics data processing, analysis and interpretation",metaboanalyst towards unified platform metabolomics data processing analysis interpretation
Practical gamma-ray spectrometry,practical gammaray spectrometry
Non-coding RNAs in disease: from mechanisms to therapeutics,noncoding rna disease mechanism therapeutic
Essentials of supply chain management,essential supply chain management
Benchmarking large language models for news summarization,benchmarking large language model news summarization
Gpt-4 passes the bar exam,gpt pass bar exam
"Global incidence, prevalence, years lived with disability (YLDs), disability-adjusted life-years (DALYs), and healthy life expectancy (HALE) for 371 diseases …",global incidence prevalence year lived disability ylds disabilityadjusted lifeyears dalys healthy life expectancy hale disease …
Pytorch 2: Faster machine learning through dynamic python bytecode transformation and graph compilation,pytorch faster machine learning dynamic python bytecode transformation graph compilation
C-pack: Packed resources for general chinese embeddings,cpack packed resource general chinese embeddings
Secure routing for mobile ad hoc networks,secure routing mobile ad hoc network
The ethics of ChatGPT–Exploring the ethical issues of an emerging technology,ethic chatgpt–exploring ethical issue emerging technology
Infectious Diseases Society of America 2024 guidance on the treatment of antimicrobial-resistant gram-negative infections,infectious disease society america guidance treatment antimicrobialresistant gramnegative infection
The chemistry of clay-organic reactions,chemistry clayorganic reaction
JASPAR 2024: 20th anniversary of the open-access database of transcription factor binding profiles,jaspar th anniversary openaccess database transcription factor binding profile
Is Bitcoin a real currency? An economic appraisal,bitcoin real currency economic appraisal
NF-κB in biology and targeted therapy: new insights and translational implications,nfκb biology targeted therapy new insight translational implication
Mechanisms controlling cellular and systemic iron homeostasis,mechanism controlling cellular systemic iron homeostasis
Community deployment of intermittent preventive treatment of malaria in pregnancy with sulfadoxine-pyrimethamine: a field guide,community deployment intermittent preventive treatment malaria pregnancy sulfadoxinepyrimethamine field guide
From realpolitik to dingpolitik or how to make things public,realpolitik dingpolitik make thing public
The Inner Game of Tennis: The Classic Guide to Peak Performance,inner game tennis classic guide peak performance
""" do anything now"": Characterizing and evaluating in-the-wild jailbreak prompts on large language models",anything characterizing evaluating inthewild jailbreak prompt large language model
Principles of philosophy,principle philosophy
Finerenone in heart failure with mildly reduced or preserved ejection fraction,finerenone heart failure mildly reduced preserved ejection fraction
Sugar: Surface-aligned gaussian splatting for efficient 3d mesh reconstruction and high-quality mesh rendering,sugar surfacealigned gaussian splatting efficient mesh reconstruction highquality mesh rendering
The economics of biodiversity,economics biodiversity
Recent advancement and assessment of green hydrogen production technologies,recent advancement assessment green hydrogen production technology
The rise of ChatGPT: Exploring its potential in medical education,rise chatgpt exploring potential medical education
The bitcoin backbone protocol: Analysis and applications,bitcoin backbone protocol analysis application
Bifunctional electrocatalysts for overall and hybrid water splitting,bifunctional electrocatalysts overall hybrid water splitting
GPT-4 technical report,gpt technical report
The world of late antiquity: AD 150-750,world late antiquity ad
Fiber optic sensors: an introduction for engineers and scientists,fiber optic sensor introduction engineer scientist
Eyes wide shut? exploring the visual shortcomings of multimodal llms,eye wide shut exploring visual shortcoming multimodal llm
Life span motor development,life span motor development
Repurposing diffusion-based image generators for monocular depth estimation,repurposing diffusionbased image generator monocular depth estimation
"Wayward lives, beautiful experiments: Intimate histories of social upheaval",wayward life beautiful experiment intimate history social upheaval
Let your life speak: Listening for the voice of vocation,let life speak listening voice vocation
Non-fullerene acceptor with asymmetric structure and phenyl-substituted alkyl side chain for 20.2% efficiency organic solar cells,nonfullerene acceptor asymmetric structure phenylsubstituted alkyl side chain efficiency organic solar cell
Outline of a Theory of Citizenship 1,outline theory citizenship
Stochastic integrals,stochastic integral
Gemma: Open models based on gemini research and technology,gemma open model based gemini research technology
Hoffbrand's essential haematology,hoffbrands essential haematology
Cellular and molecular mechanisms of skin wound healing,cellular molecular mechanism skin wound healing
Biomedical signal analysis,biomedical signal analysis
Lanthanide and actinide chemistry,lanthanide actinide chemistry
A guide to cell death pathways,guide cell death pathway
Multiple discrepancies theory (MDT),multiple discrepancy theory mdt
Medical decision making,medical decision making
Ribociclib plus endocrine therapy in early breast cancer,ribociclib plus endocrine therapy early breast cancer
The complete poems,complete poem
Overall survival with adjuvant pembrolizumab in renal-cell carcinoma,overall survival adjuvant pembrolizumab renalcell carcinoma
Vision-language models for vision tasks: A survey,visionlanguage model vision task survey
Deformable 3d gaussians for high-fidelity monocular dynamic scene reconstruction,deformable gaussians highfidelity monocular dynamic scene reconstruction
Qwen2. 5 technical report,qwen technical report
Multimodal foundation models: From specialists to general-purpose assistants,multimodal foundation model specialist generalpurpose assistant
Perioperative nivolumab in resectable lung cancer,perioperative nivolumab resectable lung cancer
Reskilling and upskilling the future-ready workforce for industry 4.0 and beyond,reskilling upskilling futureready workforce industry beyond
Understanding mechanisms of antioxidant action in health and disease,understanding mechanism antioxidant action health disease
Global burden of bacterial antimicrobial resistance 1990–2021: a systematic analysis with forecasts to 2050,global burden bacterial antimicrobial resistance – systematic analysis forecast
Smarter eco-cities and their leading-edge artificial intelligence of things solutions for environmental sustainability: A comprehensive systematic review,smarter ecocities leadingedge artificial intelligence thing solution environmental sustainability comprehensive systematic review
Dissociating language and thought in large language models,dissociating language thought large language model
Fourier analysis,fourier analysis
Mip-splatting: Alias-free 3d gaussian splatting,mipsplatting aliasfree gaussian splatting
How is ChatGPT's behavior changing over time?,chatgpts behavior changing time
Tirzepatide for the treatment of obstructive sleep apnea and obesity,tirzepatide treatment obstructive sleep apnea obesity
Self-play fine-tuning converts weak language models to strong language models,selfplay finetuning convert weak language model strong language model
Home girls: A Black feminist anthology,home girl black feminist anthology
"Generative artificial intelligence in marketing: Applications, opportunities, challenges, and research agenda",generative artificial intelligence marketing application opportunity challenge research agenda
DeepSeek-Coder: When the Large Language Model Meets Programming--The Rise of Code Intelligence,deepseekcoder large language model meet programmingthe rise code intelligence
Thermoplastic elastomers,thermoplastic elastomer
A comprehensive survey on pretrained foundation models: A history from bert to chatgpt,comprehensive survey pretrained foundation model history bert chatgpt
Computational chemistry,computational chemistry
Apixaban for stroke prevention in subclinical atrial fibrillation,apixaban stroke prevention subclinical atrial fibrillation
Trial of early minimally invasive removal of intracerebral hemorrhage,trial early minimally invasive removal intracerebral hemorrhage
Fundamentals of weed science,fundamental weed science
Logs with zeros? Some problems and solutions,log zero problem solution
Theory and resistance in education: Towards a pedagogy for the opposition,theory resistance education towards pedagogy opposition
Phi-3 technical report: A highly capable language model locally on your phone,phi technical report highly capable language model locally phone
"Scaling speech technology to 1,000+ languages",scaling speech technology language
"The impact of Generative AI (GenAI) on practices, policies and research direction in education: A case of ChatGPT and Midjourney",impact generative ai genai practice policy research direction education case chatgpt midjourney
A phase 2 randomized trial of survodutide in MASH and fibrosis,phase randomized trial survodutide mash fibrosis
African language structures,african language structure
Sam 2: Segment anything in images and videos,sam segment anything image video
Dora: Weight-decomposed low-rank adaptation,dora weightdecomposed lowrank adaptation
Neoadjuvant immunotherapy in locally advanced mismatch repair–deficient colon cancer,neoadjuvant immunotherapy locally advanced mismatch repair–deficient colon cancer
"Global, regional, and national burden of disorders affecting the nervous system, 1990–2021: a systematic analysis for the Global Burden of Disease Study …",global regional national burden disorder affecting nervous system – systematic analysis global burden disease study …
Quality-of-life-inventory,qualityoflifeinventory
A plasmonic S-scheme Au/MIL-101 (Fe)/BiOBr photocatalyst for efficient synchronous decontamination of Cr (VI) and norfloxacin antibiotic,plasmonic sscheme aumil febiobr photocatalyst efficient synchronous decontamination cr vi norfloxacin antibiotic
To use or not to use ChatGPT in higher education? A study of students' acceptance and use of technology,use use chatgpt higher education study student acceptance use technology
The engineering design of systems: models and methods,engineering design system model method
Prolegomena to any future metaphysics,prolegomenon future metaphysics
Cognition and memory after Covid-19 in a large community sample,cognition memory covid large community sample
The sun also rises,sun also rise
"How to do a Systematic Literature Review in Nursing: A Step-by-Step Guide, 3/e",systematic literature review nursing stepbystep guide e
Self‐assembled interlayer enables high‐performance organic photovoltaics with power conversion efficiency exceeding 20%,self‐assembled interlayer enables high‐performance organic photovoltaics power conversion efficiency exceeding
Chatbot arena: An open platform for evaluating llms by human preference,chatbot arena open platform evaluating llm human preference
"Uncertainty quantification: theory, implementation, and applications",uncertainty quantification theory implementation application
"Global burden of 288 causes of death and life expectancy decomposition in 204 countries and territories and 811 subnational locations, 1990–2021: a …",global burden cause death life expectancy decomposition country territory subnational location – …
A cell-free DNA blood-based test for colorectal cancer screening,cellfree dna bloodbased test colorectal cancer screening
The death of expertise: The campaign against established knowledge and why it matters,death expertise campaign established knowledge matter
Highly efficient and stable perovskite solar cells via a multifunctional hole transporting material,highly efficient stable perovskite solar cell via multifunctional hole transporting material
Transformative effects of ChatGPT on modern education: Emerging Era of AI Chatbots,transformative effect chatgpt modern education emerging era ai chatbots
Extracellular vesicles as tools and targets in therapy for diseases,extracellular vesicle tool target therapy disease
Yolo-world: Real-time open-vocabulary object detection,yoloworld realtime openvocabulary object detection
Monkey: Image resolution and text label are important things for large multi-modal models,monkey image resolution text label important thing large multimodal model
Computational principles of mobile robotics,computational principle mobile robotics
"Chemical dynamics in condensed phases: relaxation, transfer, and reactions in condensed molecular systems",chemical dynamic condensed phase relaxation transfer reaction condensed molecular system
Novel Resveratrol-Derived Sulfur-Rich Polymers: Advanced Materials for Silver Capture and High-Performance Lithium–Sulfur Battery Cathodes,novel resveratrolderived sulfurrich polymer advanced material silver capture highperformance lithium–sulfur battery cathode
International law in theory and practice,international law theory practice
Internvl: Scaling up vision foundation models and aligning for generic visual-linguistic tasks,internvl scaling vision foundation model aligning generic visuallinguistic task
"Before the Mayflower: A history of the Negro in America, 1619-1962",mayflower history negro america
A visual-language foundation model for computational pathology,visuallanguage foundation model computational pathology
College student retention: Formula for student success,college student retention formula student success
A foundation model for clinical-grade computational pathology and rare cancers detection,foundation model clinicalgrade computational pathology rare cancer detection
"Black Majority: Race, Rice, and Rebellion in South Carolina, 1670-1740",black majority race rice rebellion south carolina
U-mamba: Enhancing long-range dependency for biomedical image segmentation,umamba enhancing longrange dependency biomedical image segmentation
Lgm: Large multi-view gaussian model for high-resolution 3d content creation,lgm large multiview gaussian model highresolution content creation
A general theoretical paradigm to understand learning from human preferences,general theoretical paradigm understand learning human preference
"Advantages, challenges and molecular design of different material types used in organic solar cells",advantage challenge molecular design different material type used organic solar cell
Dust3r: Geometric 3d vision made easy,dustr geometric vision made easy
Trial of lixisenatide in early Parkinson's disease,trial lixisenatide early parkinson disease
Practical and ethical challenges of large language models in education: A systematic scoping review,practical ethical challenge large language model education systematic scoping review
Thinking: An experimental and social study,thinking experimental social study
Clinical trials: a methodologic perspective,clinical trial methodologic perspective
The evolution of the British welfare state: a history of social policy since the Industrial Revolution,evolution british welfare state history social policy since industrial revolution
European Union law: text and materials,european union law text material
The varieties of goodness,variety goodness
Motiondiffuse: Text-driven human motion generation with diffusion model,motiondiffuse textdriven human motion generation diffusion model
8. The Fourth Industrial Revolution-What It Means and How to Respond,fourth industrial revolutionwhat mean respond
Tackling NCDs: best buys and other recommended interventions for the prevention and control of noncommunicable diseases,tackling ncds best buy recommended intervention prevention control noncommunicable disease
A survey on multimodal large language models for autonomous driving,survey multimodal large language model autonomous driving
Fueling the future: A comprehensive review of hydrogen energy systems and their challenges,fueling future comprehensive review hydrogen energy system challenge
"Abortion and woman's choice: the state, sexuality and reproductive freedom",abortion woman choice state sexuality reproductive freedom
Adapted large language models can outperform medical experts in clinical text summarization,adapted large language model outperform medical expert clinical text summarization
Electrospinning of nanofibres,electrospinning nanofibres
Continued treatment with tirzepatide for maintenance of weight reduction in adults with obesity: the SURMOUNT-4 randomized clinical trial,continued treatment tirzepatide maintenance weight reduction adult obesity surmount randomized clinical trial
The everyday language of white racism,everyday language white racism
Shape anisotropic chain‐like CoNi/polydimethylsiloxane composite films with excellent low‐frequency microwave absorption and high thermal conductivity,shape anisotropic chain‐like conipolydimethylsiloxane composite film excellent low‐frequency microwave absorption high thermal conductivity
Artificially Inspired: Artifical Intelligence and the Future of Graphic Design,artificially inspired artifical intelligence future graphic design
"Money, credit and commerce",money credit commerce
Polymeric nanoparticles for drug delivery,polymeric nanoparticles drug delivery
The pillars of trustworthiness in qualitative research,pillar trustworthiness qualitative research
Rivers: form and process in alluvial channels,river form process alluvial channel
Identification of mobile genetic elements with geNomad,identification mobile genetic element genomad
Fundamentals of veterinary clinical pathology,fundamental veterinary clinical pathology
Augmenting large language models with chemistry tools,augmenting large language model chemistry tool
Highly accurate blood test for Alzheimer's disease is similar or superior to clinical cerebrospinal fluid tests,highly accurate blood test alzheimers disease similar superior clinical cerebrospinal fluid test
Landscape Ecology: A Task-Oriented Perspective,landscape ecology taskoriented perspective
The spirit of democracy: The struggle to build free societies throughout the world,spirit democracy struggle build free society throughout world
Sense and nonsense: Evolutionary perspectives on human behaviour,sense nonsense evolutionary perspective human behaviour
Secular movements in production and prices,secular movement production price
Comprehensive classroom management: Creating communities of support and solving problems,comprehensive classroom management creating community support solving problem
Fractional quantum anomalous Hall effect in multilayer graphene,fractional quantum anomalous hall effect multilayer graphene
Durvalumab after chemoradiotherapy in limited-stage small-cell lung cancer,durvalumab chemoradiotherapy limitedstage smallcell lung cancer
Educational testing and measurement,educational testing measurement
Landscape: politics and perspectives,landscape politics perspective
The cell biology of ferroptosis,cell biology ferroptosis
High-entropy materials for energy and electronic applications,highentropy material energy electronic application
Crisis intervention strategies,crisis intervention strategy
Lectures on the calculus of variations and optimal control theory,lecture calculus variation optimal control theory
Dynamic 3d gaussians: Tracking by persistent dynamic view synthesis,dynamic gaussians tracking persistent dynamic view synthesis
How nations negotiate,nation negotiate
"Global age-sex-specific mortality, life expectancy, and population estimates in 204 countries and territories and 811 subnational locations, 1950–2021, and …",global agesexspecific mortality life expectancy population estimate country territory subnational location – …
Electoral change: Responses to evolving social and attitudinal structures in Western countries,electoral change response evolving social attitudinal structure western country
Introduction: Regional innovation systems–an evolutionary approach,introduction regional innovation systems–an evolutionary approach
Democracy in America: Vol. 1,democracy america vol
Buried interface molecular hybrid for inverted perovskite solar cells,buried interface molecular hybrid inverted perovskite solar cell
EULAR recommendations for the management of systemic lupus erythematosus: 2023 update,eular recommendation management systemic lupus erythematosus update
A first course in Sobolev spaces,first course sobolev space
Toward a concept of workable competition,toward concept workable competition
ChatGPT makes medicine easy to swallow: an exploratory case study on simplified radiology reports,chatgpt make medicine easy swallow exploratory case study simplified radiology report
Artificial intelligence in drug discovery and development,artificial intelligence drug discovery development
Repvit: Revisiting mobile cnn from vit perspective,repvit revisiting mobile cnn vit perspective
Design principles for strong and tough hydrogels,design principle strong tough hydrogel
π-Extended nonfullerene acceptor for compressed molecular packing in organic solar cells to achieve over 20% efficiency,πextended nonfullerene acceptor compressed molecular packing organic solar cell achieve efficiency
